-- Inserindo 30 registros na tabela 'fornecedores'
INSERT INTO fornecedores (nome) VALUES
('Atacadão do Zé'),
('Distribuidora Silva & Silva'),
('Importados & Cia'),
('Logística Brasil Total'),
('Fornece Tudo Ltda.'),
('Casa do Construtor SP'),
('Agropecuária Campo Verde'),
('Tecno Eletrônicos'),
('Vestuário Moda & Estilo'),
('Móveis e Decoração Mogi'),
('Supermercado Preço Bom'),
('Padaria Doce Sabor'),
('Açougue Carne Nobre'),
('Farmácia Bem Estar'),
('Papelaria Criativa'),
('Brinquedos Alegria'),
('Peças Automotivas Veloz'),
('Cosméticos Beleza Pura'),
('Produtos de Limpeza Brilho'),
('Utilidades do Lar'),
('Ferragens & Ferramentas'),
('Materiais Elétricos Luz'),
('Hidráulica & Cia'),
('Bebidas & Conveniência'),
('Hortifruti Frescor da Terra'),
('Laticínios Serra da Estrela'),
('Doces & Salgados Festa'),
('Embalagens & Descartáveis'),
('Gráfica & Comunicação Visual'),
('Petshop Amigo Fiel');

-- Inserindo 30 registros na tabela 'produtos'
INSERT INTO produtos (id_fornecedor, nome, preco, estoque) VALUES
(1, 'Arroz Tipo 1 (5kg)', 25.50, 500),
(2, 'Feijão Carioca (1kg)', 8.99, 800),
(3, 'Smartphone Modelo X', 1250.00, 150),
(4, 'Caixa de Papelão Média', 3.50, 2000),
(5, 'Lâmpada LED 9W', 12.00, 1000),
(6, 'Cimento CP II (50kg)', 28.00, 300),
(7, 'Ração para Cães Adultos', 150.80, 200),
(8, 'Fone de Ouvido Bluetooth', 89.90, 400),
(9, 'Camiseta Básica Algodão', 49.90, 600),
(10, 'Cadeira de Escritório', 350.00, 80),
(11, 'Óleo de Soja 900ml', 7.50, 1200),
(12, 'Pão Francês (unidade)', 0.75, 300),
(13, 'Patinho Bovino (kg)', 45.90, 50),
(14, 'Analgésico (10 comp)', 15.20, 700),
(15, 'Caderno Universitário', 22.50, 900),
(16, 'Carrinho de Controle Remoto', 180.00, 120),
(17, 'Óleo de Motor 15W40', 35.00, 250),
(18, 'Shampoo Anticaspa', 18.75, 550),
(19, 'Desinfetante Lavanda 2L', 9.90, 650),
(20, 'Jogo de Panelas Inox', 299.90, 90),
(21, 'Chave de Fenda Phillips', 15.80, 450),
(22, 'Disjuntor Monofásico 20A', 19.90, 380),
(23, 'Torneira para Cozinha', 95.00, 180),
(24, 'Refrigerante 2L', 8.00, 1500),
(25, 'Maçã Gala (kg)', 6.99, 320),
(26, 'Queijo Minas Frescal', 25.50, 100),
(27, 'Bolo de Chocolate (fatia)', 10.00, 80),
(28, 'Copo Descartável 200ml', 4.50, 3000),
(29, 'Cartão de Visita (cento)', 50.00, 50),
(30, 'Coleira para Gatos', 25.00, 220);

-- Inserindo 30 registros na tabela 'vendas'
INSERT INTO vendas (id_produto, quantidade, data_venda) VALUES
(1, 2, '2025-07-20'),
(3, 1, '2025-07-19'),
(11, 5, '2025-07-21'),
(24, 10, '2025-07-22'),
(9, 3, '2025-06-15'),
(17, 1, '2025-06-18'),
(2, 4, '2025-07-01'),
(5, 8, '2025-07-05'),
(8, 1, '2025-07-10'),
(14, 2, '2025-07-11'),
(20, 1, '2025-05-30'),
(25, 3, '2025-07-22'),
(12, 10, '2025-07-23'),
(13, 2, '2025-07-23'),
(7, 1, '2025-04-20'),
(6, 10, '2025-04-22'),
(10, 1, '2025-05-05'),
(15, 5, '2025-02-10'),
(16, 1, '2024-12-20'),
(18, 2, '2025-07-15'),
(19, 3, '2025-07-16'),
(21, 4, '2025-06-25'),
(22, 6, '2025-06-28'),
(23, 1, '2025-07-02'),
(4, 50, '2025-03-15'),
(26, 2, '2025-07-18'),
(27, 4, '2025-07-21'),
(28, 5, '2025-07-22'),
(29, 2, '2025-01-30'),
(30, 1, '2025-07-14');